well,n_common_four_curve_cells,covariance_frobenius
15/9-15,5515,0.010924292683249893
15/9-17,5361,0.010574088549741949
16/5-3,1191,0.00603501531777338
25/11-19 S,2878,0.008179815371117083
25/11-5,2086,0.020875620381788054
25/2-14,1535,0.04409702324481354
31/4-5,2600,0.010420109897342898
31/5-4 S,696,0.028012261417375294
34/10-19,3992,0.01101908209655774
34/5-1 S,741,0.012736731241803611
34/7-21,3032,0.010099458000413163
35/11-13,866,0.009952111530771766
35/12-1,2956,0.0051263975075261994
35/3-7 S,2132,0.007058232391681607
35/8-4,1073,0.02563849490626526
35/9-2,1421,0.0057186049513643245
