well,n_paired_cells,pearson_r_truth,pearson_r_d2cgan,delta_r
15/9-15,8528,-0.945235702339659,-0.9488867970659791,-0.003651094726320081
15/9-17,8339,-0.8670300082609385,-0.8692667600851385,-0.002236751824200023
16/5-3,1865,-0.5912373602063994,-0.5863591733677254,0.004878186838674026
25/11-19 S,4494,-0.41207278887416515,-0.4557192547333578,-0.04364646585919263
25/11-5,3283,-0.7689159346391496,-0.7876220309589149,-0.018706096319765275
25/2-14,2480,-0.3380025909144914,-0.33399922418284006,0.004003366731651359
31/4-5,4114,-0.24841873125402322,-0.24793524537820238,0.00048348587582083824
31/5-4 S,1550,-0.33086855083776046,-0.2810661610523202,0.04980238978544027
34/10-19,7640,-0.6700680352082058,-0.6975802817966502,-0.027512246588444422
34/5-1 S,1284,0.16178840573604203,0.13346676901510185,-0.02832163672094018
34/7-21,4805,-0.12561057612003632,-0.20476041137486575,-0.07914983525482944
35/11-13,1389,0.22137666104180645,0.2114027675959123,-0.009973893445894139
35/12-1,4648,-0.030493482423171073,-0.05073976167056116,-0.02024627924739009
35/3-7 S,3287,0.10265813577883759,0.11164348454806487,0.008985348769227283
35/8-4,1747,0.4546769110818546,0.25570804436499067,-0.19896886671686392
35/9-2,4324,0.32681112022929665,0.3148657347428377,-0.01194538548645896
