curve,model,frequency,mean_psd,ci95_lower,ci95_upper,n_windows,n_wells
GR,D2C-GAN,0.0,0.15764680535904335,0.1369351112670645,0.17718065822037596,1917,16
GR,D2C-GAN,0.015625,0.8746428839206446,0.8586630280016855,0.8913270518512545,1917,16
GR,D2C-GAN,0.03125,0.4669961427418576,0.4467236268248769,0.4891829909919705,1917,16
GR,D2C-GAN,0.046875,0.06499365491882332,0.061621080784704386,0.06838996086302283,1917,16
GR,D2C-GAN,0.0625,0.015417778786613021,0.014142577925722244,0.01688085229970852,1917,16
GR,D2C-GAN,0.078125,0.00822991694117595,0.007548259331558184,0.00899454237317471,1917,16
GR,D2C-GAN,0.09375,0.005840008348382108,0.005271010178850613,0.006519796157397455,1917,16
GR,D2C-GAN,0.109375,0.004047930294127172,0.0035655726421909956,0.004586879663616304,1917,16
GR,D2C-GAN,0.125,0.0029964146493237104,0.0026161895987451677,0.0034056542068943013,1917,16
GR,D2C-GAN,0.140625,0.002132888936398277,0.0018076318142617445,0.0025153366742624063,1917,16
GR,D2C-GAN,0.15625,0.001486357808717402,0.0012183337860343618,0.001792661203714768,1917,16
GR,D2C-GAN,0.171875,0.0011659260296418247,0.0009491826870977625,0.0014312378633166347,1917,16
GR,D2C-GAN,0.1875,0.0010238287880556067,0.0008348961320996364,0.001246832877741735,1917,16
GR,D2C-GAN,0.203125,0.0008641116507337191,0.0007305143890737393,0.0010113964247366947,1917,16
GR,D2C-GAN,0.21875,0.0007520157879067352,0.0006318606740057078,0.0008877708662867226,1917,16
GR,D2C-GAN,0.234375,0.0006301168907452865,0.0005115570015976034,0.0007650080002970229,1917,16
GR,D2C-GAN,0.25,0.0005482277129447584,0.0004193790361568932,0.0007076013934152075,1917,16
GR,D2C-GAN,0.265625,0.0005357411699955886,0.00041419105365458425,0.0006877091419103662,1917,16
GR,D2C-GAN,0.28125,0.0004712249074743992,0.0003703152084208233,0.0005878574124475898,1917,16
GR,D2C-GAN,0.296875,0.00048487550983365615,0.00038659345699112936,0.000606664936510571,1917,16
GR,D2C-GAN,0.3125,0.00044764660473939956,0.0003519168194806517,0.0005678299094826189,1917,16
GR,D2C-GAN,0.328125,0.0004404413736606564,0.0003431373373581302,0.0005650422950357135,1917,16
GR,D2C-GAN,0.34375,0.00041298000126542713,0.0003195686931891908,0.0005292732071339436,1917,16
GR,D2C-GAN,0.359375,0.00040808044290813265,0.0003126261292980966,0.0005233429168414675,1917,16
GR,D2C-GAN,0.375,0.0004194110663704209,0.00033283929423991035,0.0005267264648107455,1917,16
GR,D2C-GAN,0.390625,0.00041714408269678013,0.00034043841446981826,0.0005108815454471176,1917,16
GR,D2C-GAN,0.40625,0.00042911798234764785,0.000334167501175859,0.0005399799576393273,1917,16
GR,D2C-GAN,0.421875,0.0004151482193045202,0.00031520652727478975,0.0005366938469330284,1917,16
GR,D2C-GAN,0.4375,0.0003958193385632468,0.0003038354007551376,0.0005049623663281544,1917,16
GR,D2C-GAN,0.453125,0.00038470459866854625,0.00029250324416267397,0.0004978954019709362,1917,16
GR,D2C-GAN,0.46875,0.00038614845640157317,0.0002918169023663515,0.0005044430052281598,1917,16
GR,D2C-GAN,0.484375,0.0004115137107919359,0.00031229922113452127,0.000534277949941253,1917,16
GR,D2C-GAN,0.5,0.00010628007999864942,7.911104145094375e-05,0.00014204440323846603,1917,16
GR,Bi-LSTM,0.0,0.15068718834642902,0.13534153679651093,0.16601569783816705,1917,16
GR,Bi-LSTM,0.015625,0.8184500680117449,0.7920041358799408,0.8443617269632832,1917,16
GR,Bi-LSTM,0.03125,0.45556941449033145,0.44303644521073193,0.47165319641836534,1917,16
GR,Bi-LSTM,0.046875,0.08534117326767557,0.07750789312318694,0.09444216279039298,1917,16
GR,Bi-LSTM,0.0625,0.018717096497602732,0.01664925219975588,0.020989454211816708,1917,16
GR,Bi-LSTM,0.078125,0.008086709013309252,0.007145705857145199,0.009098821808567015,1917,16
GR,Bi-LSTM,0.09375,0.005499382601656669,0.004707162517389369,0.006312887280986379,1917,16
GR,Bi-LSTM,0.109375,0.004065932971179672,0.0035282148140383107,0.004591352679489627,1917,16
GR,Bi-LSTM,0.125,0.003668258386890977,0.003198945694163729,0.004161911275643378,1917,16
GR,Bi-LSTM,0.140625,0.0032516927815681683,0.00275182340473833,0.0037956595245546786,1917,16
GR,Bi-LSTM,0.15625,0.0029807948352796585,0.0024276431883588985,0.0036290324333554318,1917,16
GR,Bi-LSTM,0.171875,0.0028376329355245533,0.002363813850713347,0.0033915462903884273,1917,16
GR,Bi-LSTM,0.1875,0.0028783721977503713,0.002447421433879028,0.003387500644646476,1917,16
GR,Bi-LSTM,0.203125,0.002918969425920895,0.002478495600328765,0.0034460316931866266,1917,16
GR,Bi-LSTM,0.21875,0.0029855808111044226,0.0025998141970360656,0.0034057643628275566,1917,16
GR,Bi-LSTM,0.234375,0.0028886781124766096,0.0024537457705928207,0.003359952068428907,1917,16
GR,Bi-LSTM,0.25,0.0026677836986418783,0.0022280936006845685,0.0031782446341187195,1917,16
GR,Bi-LSTM,0.265625,0.002852697888128525,0.002443015220322527,0.0033492774819169017,1917,16
GR,Bi-LSTM,0.28125,0.0027576928862014616,0.0022649699797701733,0.0033545136604915746,1917,16
GR,Bi-LSTM,0.296875,0.002841529077697476,0.0024768799172190225,0.003267965951563953,1917,16
GR,Bi-LSTM,0.3125,0.0028657706505797785,0.002441001112257126,0.003354086542957589,1917,16
GR,Bi-LSTM,0.328125,0.0028378526048617597,0.00241170436217602,0.0033483651636703467,1917,16
GR,Bi-LSTM,0.34375,0.002669102918796683,0.002234311782398992,0.0031771261289491397,1917,16
GR,Bi-LSTM,0.359375,0.0027520065389965154,0.0023091448659031343,0.0032767651346893726,1917,16
GR,Bi-LSTM,0.375,0.002767293301926185,0.002339466086813731,0.0032812815184808815,1917,16
GR,Bi-LSTM,0.390625,0.002842587022727361,0.0023979976206698075,0.003357078862731285,1917,16
GR,Bi-LSTM,0.40625,0.0029006761848615315,0.002503098883475667,0.0033673900705851363,1917,16
GR,Bi-LSTM,0.421875,0.002788047873851922,0.0023908395602208333,0.0032373493914556314,1917,16
GR,Bi-LSTM,0.4375,0.0028695689371647987,0.0024826031044447353,0.0033337311223420956,1917,16
GR,Bi-LSTM,0.453125,0.00288895810031148,0.0024318427419132696,0.003421900587376507,1917,16
GR,Bi-LSTM,0.46875,0.0028854890914613096,0.0024658813868518106,0.0033697406305049048,1917,16
GR,Bi-LSTM,0.484375,0.0027948759734595756,0.002353112044819927,0.0033011135834342467,1917,16
GR,Bi-LSTM,0.5,0.0007491347293772338,0.0006205201302660077,0.0008877239093894947,1917,16
GR,Bi-GRU,0.0,0.15945359756058353,0.1422400104727096,0.17646898946729206,1917,16
GR,Bi-GRU,0.015625,0.8249296522391499,0.7984970846528451,0.8495324162634892,1917,16
GR,Bi-GRU,0.03125,0.4648977822703013,0.44943410158362357,0.4791450619232525,1917,16
GR,Bi-GRU,0.046875,0.07625802725201322,0.07125474358390499,0.08211113157682337,1917,16
GR,Bi-GRU,0.0625,0.019250361744641602,0.01721981934156304,0.02141676434707925,1917,16
GR,Bi-GRU,0.078125,0.009951150938227892,0.008846353226399392,0.011173895816898718,1917,16
GR,Bi-GRU,0.09375,0.006407196569287971,0.005526653592494211,0.007410218823740999,1917,16
GR,Bi-GRU,0.109375,0.004797411838513471,0.00400728086566707,0.005724233907064608,1917,16
GR,Bi-GRU,0.125,0.003386986723885469,0.002840674328563844,0.004015230085417105,1917,16
GR,Bi-GRU,0.140625,0.002676097569768578,0.002171681932567868,0.003301108815429988,1917,16
GR,Bi-GRU,0.15625,0.0023977825337883995,0.0018946962059806886,0.0030169144809310475,1917,16
GR,Bi-GRU,0.171875,0.0022791187802408087,0.0018450366971785107,0.002823998939911796,1917,16
GR,Bi-GRU,0.1875,0.002228644754528007,0.0018152448942152144,0.002747123619933594,1917,16
GR,Bi-GRU,0.203125,0.0020210987128458416,0.0016128435826074949,0.002557227081792174,1917,16
GR,Bi-GRU,0.21875,0.0020444125978793582,0.0016243480767254867,0.0025948371704638995,1917,16
GR,Bi-GRU,0.234375,0.0018734459098768543,0.0014571666800875303,0.0023671218006238756,1917,16
GR,Bi-GRU,0.25,0.0018937580153771353,0.0015166860488600986,0.0023669922040209976,1917,16
GR,Bi-GRU,0.265625,0.0019679278156506676,0.0015678913370635065,0.0024622402450265863,1917,16
GR,Bi-GRU,0.28125,0.0019427376376973285,0.0015603349737787356,0.0024179403675445377,1917,16
GR,Bi-GRU,0.296875,0.001883331453181465,0.0014456986879039745,0.0024306923750412645,1917,16
GR,Bi-GRU,0.3125,0.0019297018962974022,0.0015659649939420203,0.0023804435582564076,1917,16
GR,Bi-GRU,0.328125,0.0019009494540911723,0.00149536611523231,0.002420986191513769,1917,16
GR,Bi-GRU,0.34375,0.0018724040939302891,0.0014280173512084622,0.0024706996881984954,1917,16
GR,Bi-GRU,0.359375,0.00188060297445601,0.0015255861274738752,0.002331432159531089,1917,16
GR,Bi-GRU,0.375,0.001945776917242906,0.0015337234624467862,0.00248952618097721,1917,16
GR,Bi-GRU,0.390625,0.001994156227721696,0.0015890546403268552,0.0024982183326312615,1917,16
GR,Bi-GRU,0.40625,0.0020706380662027847,0.001701716153898988,0.0025127450020391282,1917,16
GR,Bi-GRU,0.421875,0.0020068859369518645,0.0016119521444708145,0.0024847219665891825,1917,16
GR,Bi-GRU,0.4375,0.001970869806285662,0.0015943844438591145,0.0024575676509983337,1917,16
GR,Bi-GRU,0.453125,0.0019895777945714683,0.0015929341229995073,0.0024561914062036423,1917,16
GR,Bi-GRU,0.46875,0.0019289423770100927,0.0015611881557015225,0.002398454663653747,1917,16
GR,Bi-GRU,0.484375,0.001878005475360372,0.0014969778853666344,0.0023637759844834403,1917,16
GR,Bi-GRU,0.5,0.0005148493494624393,0.0004040795117868548,0.0006465484298147054,1917,16
GR,Transformer,0.0,0.13405581515587517,0.12365691242527978,0.14496123667410224,1917,16
GR,Transformer,0.015625,0.7795201973554658,0.7435012691333237,0.815167632689194,1917,16
GR,Transformer,0.03125,0.4345577246334617,0.41170804852922227,0.46171200578030813,1917,16
GR,Transformer,0.046875,0.0876821000182548,0.0796816804670556,0.09743003852604165,1917,16
GR,Transformer,0.0625,0.03700442732789512,0.03311092290516815,0.04228229395654202,1917,16
GR,Transformer,0.078125,0.02802193943124133,0.024858483376900584,0.032512901807718236,1917,16
GR,Transformer,0.09375,0.024577911115781455,0.02118509728070064,0.0291061991070213,1917,16
GR,Transformer,0.109375,0.02422535102357668,0.021241654132347777,0.028570533302941126,1917,16
GR,Transformer,0.125,0.024110697800590906,0.02092828378646466,0.02839260684154469,1917,16
GR,Transformer,0.140625,0.024943292731069336,0.02146494170144417,0.029721084033502425,1917,16
GR,Transformer,0.15625,0.025360780054382588,0.021961073342525794,0.030438883188085786,1917,16
GR,Transformer,0.171875,0.024918406759908564,0.02164774923332577,0.02905148359908085,1917,16
GR,Transformer,0.1875,0.02462447601147114,0.0210616435965744,0.028885506939440985,1917,16
GR,Transformer,0.203125,0.024241573420263677,0.021104777511952427,0.027728273403113256,1917,16
GR,Transformer,0.21875,0.023163853830950074,0.020141055225641028,0.027170410244518536,1917,16
GR,Transformer,0.234375,0.022848204193258257,0.01886878572443044,0.028118555105552293,1917,16
GR,Transformer,0.25,0.023421707383266092,0.020802110201735655,0.026471038338668342,1917,16
GR,Transformer,0.265625,0.023869820205564222,0.020601887400220953,0.02830979377895497,1917,16
GR,Transformer,0.28125,0.024051008772224523,0.02096948715037083,0.02828445175376685,1917,16
GR,Transformer,0.296875,0.024939222063484437,0.02174769393541968,0.029690481559430867,1917,16
GR,Transformer,0.3125,0.02464426224797933,0.021255466417922336,0.02922483468942843,1917,16
GR,Transformer,0.328125,0.0236864936055246,0.019732793757186312,0.028436743290477486,1917,16
GR,Transformer,0.34375,0.024182276417028723,0.020390708497959122,0.029378942642944734,1917,16
GR,Transformer,0.359375,0.022884436854855493,0.01957531902405222,0.027243879218040536,1917,16
GR,Transformer,0.375,0.0226249825972482,0.01975844953515419,0.025986573695580936,1917,16
GR,Transformer,0.390625,0.024978634693213493,0.020932413354121528,0.03066877399060526,1917,16
GR,Transformer,0.40625,0.024502850618547043,0.020868610684649288,0.030038244376433963,1917,16
GR,Transformer,0.421875,0.023699378301541427,0.019831007986951546,0.028653537297557475,1917,16
GR,Transformer,0.4375,0.024159006249921868,0.020695291977815576,0.028454292412174325,1917,16
GR,Transformer,0.453125,0.024670601230276763,0.020863549495847566,0.02943435686748749,1917,16
GR,Transformer,0.46875,0.02349902577060634,0.020473362747777276,0.027895336033742838,1917,16
GR,Transformer,0.484375,0.02275705385175704,0.019869973623794192,0.026593671391327747,1917,16
GR,Transformer,0.5,0.006511075560118131,0.005546565804780061,0.007714234386887011,1917,16
RHOB,D2C-GAN,0.0,0.1603962597492283,0.13956126914901598,0.18101430484438874,1772,16
RHOB,D2C-GAN,0.015625,0.8142707994715733,0.7788819718690541,0.8458201257772173,1772,16
RHOB,D2C-GAN,0.03125,0.43236602812286506,0.4110220712217028,0.45447731061976965,1772,16
RHOB,D2C-GAN,0.046875,0.08636670226137803,0.07600818024957431,0.09879218061007874,1772,16
RHOB,D2C-GAN,0.0625,0.03184776219351276,0.026658771125357236,0.038492669902889604,1772,16
RHOB,D2C-GAN,0.078125,0.02042798365119602,0.016914370260434478,0.025191760437300537,1772,16
RHOB,D2C-GAN,0.09375,0.017500779688802117,0.014325858415227795,0.02138099918342485,1772,16
RHOB,D2C-GAN,0.109375,0.01357237383552232,0.011198600740088905,0.016616381806440633,1772,16
RHOB,D2C-GAN,0.125,0.012750524195040263,0.010665397064687429,0.015487848280382887,1772,16
RHOB,D2C-GAN,0.140625,0.011401691254346957,0.009591010344289311,0.013474510476116973,1772,16
RHOB,D2C-GAN,0.15625,0.008998017322181017,0.0075481767492344195,0.010780803759668335,1772,16
RHOB,D2C-GAN,0.171875,0.008562034833866056,0.006991677469054833,0.010603584877552499,1772,16
RHOB,D2C-GAN,0.1875,0.008043798003342734,0.006792371859816708,0.00966092534372743,1772,16
RHOB,D2C-GAN,0.203125,0.007441110894227272,0.006315185754139368,0.008830144946722624,1772,16
RHOB,D2C-GAN,0.21875,0.007092985735022684,0.005862129034981322,0.008678625667098407,1772,16
RHOB,D2C-GAN,0.234375,0.006238033606066435,0.005021259909456876,0.007822484533383248,1772,16
RHOB,D2C-GAN,0.25,0.006328865443130807,0.0051714101154941025,0.00785938141087686,1772,16
RHOB,D2C-GAN,0.265625,0.006135786581256038,0.005140643108804885,0.007344297154829907,1772,16
RHOB,D2C-GAN,0.28125,0.006304313527546311,0.005153085504498911,0.007804452130230629,1772,16
RHOB,D2C-GAN,0.296875,0.006277670237218105,0.005134643794465216,0.0077877060003646165,1772,16
RHOB,D2C-GAN,0.3125,0.006012562297991291,0.004960378073074325,0.0073796255770124265,1772,16
RHOB,D2C-GAN,0.328125,0.005929818557242422,0.004784416197076509,0.007557661843920011,1772,16
RHOB,D2C-GAN,0.34375,0.006144917366011182,0.004869621489679886,0.007981938814907049,1772,16
RHOB,D2C-GAN,0.359375,0.006537354125817378,0.005215630135392324,0.008350687390218802,1772,16
RHOB,D2C-GAN,0.375,0.00596946633821982,0.004936557592482452,0.007270334721872494,1772,16
RHOB,D2C-GAN,0.390625,0.005966072646602774,0.004950561295153138,0.007282719598116947,1772,16
RHOB,D2C-GAN,0.40625,0.005798956996774696,0.00485214730371213,0.006969300364866204,1772,16
RHOB,D2C-GAN,0.421875,0.005678565218071003,0.004674213088572709,0.00698832461242795,1772,16
RHOB,D2C-GAN,0.4375,0.00586897771652722,0.00489453189940454,0.00710365442861156,1772,16
RHOB,D2C-GAN,0.453125,0.005892839890137985,0.00488562589630419,0.007214818980535944,1772,16
RHOB,D2C-GAN,0.46875,0.005343139691311387,0.004480008234076332,0.00645883595329497,1772,16
RHOB,D2C-GAN,0.484375,0.005035999900271349,0.004137226636355472,0.0061260830451345645,1772,16
RHOB,D2C-GAN,0.5,0.0013010925401599446,0.0010579366368756364,0.0016037844541815737,1772,16
RHOB,Bi-LSTM,0.0,0.14804926282592137,0.1299027541015087,0.16929033918597067,1772,16
RHOB,Bi-LSTM,0.015625,0.7343460331242836,0.7040714754648546,0.7667735710756279,1772,16
RHOB,Bi-LSTM,0.03125,0.39668476909919353,0.3778640517130686,0.4138654909443694,1772,16
RHOB,Bi-LSTM,0.046875,0.09788010833372243,0.08607725060748304,0.11046826040394085,1772,16
RHOB,Bi-LSTM,0.0625,0.050271438071163445,0.044048343385192486,0.05713377942033346,1772,16
RHOB,Bi-LSTM,0.078125,0.033539279650954865,0.028993863959304807,0.038553675233054086,1772,16
RHOB,Bi-LSTM,0.09375,0.03124127514780576,0.02732510304986924,0.035848027251435606,1772,16
RHOB,Bi-LSTM,0.109375,0.026818981975689344,0.023652009250364498,0.03049514285713764,1772,16
RHOB,Bi-LSTM,0.125,0.027434696954247457,0.023794427372030275,0.03098037302162248,1772,16
RHOB,Bi-LSTM,0.140625,0.025314141453412608,0.02222739340537497,0.028649444833410066,1772,16
RHOB,Bi-LSTM,0.15625,0.024939156006194767,0.02220148089432377,0.02792580610267318,1772,16
RHOB,Bi-LSTM,0.171875,0.02571534555960832,0.023145677585386465,0.028164524711255367,1772,16
RHOB,Bi-LSTM,0.1875,0.02455099130810319,0.02181195446217831,0.027360629478862843,1772,16
RHOB,Bi-LSTM,0.203125,0.023383374826745653,0.02020628632327899,0.02645800938437744,1772,16
RHOB,Bi-LSTM,0.21875,0.023734677261156866,0.02152765308099253,0.026245277294912998,1772,16
RHOB,Bi-LSTM,0.234375,0.022208235561209176,0.01988335882708229,0.02480601403457665,1772,16
RHOB,Bi-LSTM,0.25,0.022488652952396156,0.01948570535274862,0.025629744573109216,1772,16
RHOB,Bi-LSTM,0.265625,0.02257364527350732,0.01915485635599355,0.026519534616122723,1772,16
RHOB,Bi-LSTM,0.28125,0.022233205349986098,0.01902996095714613,0.025666974188931633,1772,16
RHOB,Bi-LSTM,0.296875,0.023158570945568908,0.02044292884606252,0.02617751691260651,1772,16
RHOB,Bi-LSTM,0.3125,0.022697310142666363,0.019985944954589496,0.025356089301886264,1772,16
RHOB,Bi-LSTM,0.328125,0.02323993292863058,0.02067531161873223,0.025866149718460695,1772,16
RHOB,Bi-LSTM,0.34375,0.02300625121990188,0.02049579824607492,0.025693374585035934,1772,16
RHOB,Bi-LSTM,0.359375,0.022128132360399764,0.019357470188603964,0.025126591996898595,1772,16
RHOB,Bi-LSTM,0.375,0.02231075098855392,0.01976334282614379,0.025080810315835603,1772,16
RHOB,Bi-LSTM,0.390625,0.02438650156457518,0.021898629603738173,0.027240057156788695,1772,16
RHOB,Bi-LSTM,0.40625,0.023081066315857234,0.02090213112232584,0.025258023803553294,1772,16
RHOB,Bi-LSTM,0.421875,0.021866708048350277,0.018863857970362535,0.025029627650771925,1772,16
RHOB,Bi-LSTM,0.4375,0.024414120272855198,0.021632418500387482,0.027176071055753353,1772,16
RHOB,Bi-LSTM,0.453125,0.02335563066195484,0.020786070914325206,0.025927390477226676,1772,16
RHOB,Bi-LSTM,0.46875,0.020568089463953002,0.016861099355826963,0.02414446448082316,1772,16
RHOB,Bi-LSTM,0.484375,0.020513733426196598,0.017643571199641633,0.02345430389921623,1772,16
RHOB,Bi-LSTM,0.5,0.005181948726942828,0.004071260827219437,0.0062540865843552255,1772,16
RHOB,Bi-GRU,0.0,0.16977369537270628,0.14522715225240276,0.19549884412719018,1772,16
RHOB,Bi-GRU,0.015625,0.7403685223330659,0.6849468563375688,0.7897678907246799,1772,16
RHOB,Bi-GRU,0.03125,0.3465150898641722,0.31830613121534396,0.3727926270059462,1772,16
RHOB,Bi-GRU,0.046875,0.08872584584344252,0.08072021854518507,0.09749678926539761,1772,16
RHOB,Bi-GRU,0.0625,0.044752252992720266,0.041170506199128716,0.048429137903751425,1772,16
RHOB,Bi-GRU,0.078125,0.0317632327538815,0.029020018248049215,0.03473734493439015,1772,16
RHOB,Bi-GRU,0.09375,0.029474709169319747,0.02633558904998949,0.032870501742796494,1772,16
RHOB,Bi-GRU,0.109375,0.027311183037362144,0.02433612749713793,0.03132085324060815,1772,16
RHOB,Bi-GRU,0.125,0.02554041886436714,0.022539589507102487,0.029083367285688888,1772,16
RHOB,Bi-GRU,0.140625,0.025264414668699553,0.022348780651047746,0.02865692117734218,1772,16
RHOB,Bi-GRU,0.15625,0.024936186625382464,0.0221977727474757,0.02795398450926181,1772,16
RHOB,Bi-GRU,0.171875,0.0248847879205729,0.022334413074262968,0.028063034073360502,1772,16
RHOB,Bi-GRU,0.1875,0.02459795830364481,0.022317765389520267,0.02709394251347637,1772,16
RHOB,Bi-GRU,0.203125,0.024625509752518357,0.021358674370087358,0.02845291252161401,1772,16
RHOB,Bi-GRU,0.21875,0.024684175628211492,0.02186579648346899,0.028385692029224755,1772,16
RHOB,Bi-GRU,0.234375,0.024236701576630312,0.02149384012976284,0.027431079464644795,1772,16
RHOB,Bi-GRU,0.25,0.024390272027321726,0.02126479567760506,0.02775114469129875,1772,16
RHOB,Bi-GRU,0.265625,0.022466798413632003,0.020088026584430565,0.025442691334823457,1772,16
RHOB,Bi-GRU,0.28125,0.024898451892421042,0.02168955030227746,0.02863499234635918,1772,16
RHOB,Bi-GRU,0.296875,0.025284615676842127,0.022347439796207322,0.028817381159045297,1772,16
RHOB,Bi-GRU,0.3125,0.025326135090740297,0.022020168411428297,0.029476108744015794,1772,16
RHOB,Bi-GRU,0.328125,0.025060895313617333,0.02178569731622861,0.028845385022179728,1772,16
RHOB,Bi-GRU,0.34375,0.024553854958763385,0.021480084895593235,0.028215137591465028,1772,16
RHOB,Bi-GRU,0.359375,0.022660305353481194,0.020645520111260862,0.025049123874520976,1772,16
RHOB,Bi-GRU,0.375,0.023299834287662614,0.02068724356891519,0.0264421937261858,1772,16
RHOB,Bi-GRU,0.390625,0.02391609112792866,0.02075617336730228,0.028364746085863143,1772,16
RHOB,Bi-GRU,0.40625,0.023987778852454865,0.021266440507500664,0.027812408560958034,1772,16
RHOB,Bi-GRU,0.421875,0.023020191294236613,0.01904624434422758,0.027820445696311733,1772,16
RHOB,Bi-GRU,0.4375,0.02419000309831504,0.020645910646730405,0.02849411155878943,1772,16
RHOB,Bi-GRU,0.453125,0.024169991457506812,0.020353551430296372,0.02887887506759801,1772,16
RHOB,Bi-GRU,0.46875,0.022478088646608458,0.018994612100942432,0.026149038918249077,1772,16
RHOB,Bi-GRU,0.484375,0.022075618947417303,0.018580058554721425,0.026480498244448872,1772,16
RHOB,Bi-GRU,0.5,0.005790185400179638,0.004665977081235886,0.007240567142874141,1772,16
RHOB,Transformer,0.0,0.1114336854752961,0.09521138591264346,0.12629547236565064,1772,16
RHOB,Transformer,0.015625,0.6928439673254583,0.6659218801912113,0.721116726532669,1772,16
RHOB,Transformer,0.03125,0.41252141638496836,0.38274322136010913,0.43989713013851933,1772,16
RHOB,Transformer,0.046875,0.11207893985582332,0.09965783428889576,0.1264875414711489,1772,16
RHOB,Transformer,0.0625,0.054812420325683654,0.047681464275326865,0.06335563791988882,1772,16
RHOB,Transformer,0.078125,0.04431824893069275,0.03881192782632441,0.05339573387623293,1772,16
RHOB,Transformer,0.09375,0.04402854289072887,0.03864644497272762,0.05241535257582073,1772,16
RHOB,Transformer,0.109375,0.039739712475168484,0.03524402679981872,0.04613530977166474,1772,16
RHOB,Transformer,0.125,0.04320625308898534,0.03737245824136895,0.05122047245873773,1772,16
RHOB,Transformer,0.140625,0.04489877252317629,0.03937644645838114,0.05146775794734723,1772,16
RHOB,Transformer,0.15625,0.04362330451396532,0.0377869800732452,0.050645976989010896,1772,16
RHOB,Transformer,0.171875,0.04318512102765212,0.038024705961929396,0.05035875256520457,1772,16
RHOB,Transformer,0.1875,0.039889342197937584,0.034768570620128815,0.0468922247496922,1772,16
RHOB,Transformer,0.203125,0.038983419480855507,0.034637107447849876,0.04565422189172315,1772,16
RHOB,Transformer,0.21875,0.038929410175757406,0.03491445800154816,0.044831828813203446,1772,16
RHOB,Transformer,0.234375,0.038870077683304964,0.03516011306738266,0.04353496071804346,1772,16
RHOB,Transformer,0.25,0.0396203593389356,0.034888708974491645,0.0463828635294572,1772,16
RHOB,Transformer,0.265625,0.0383735015598359,0.03452655651736421,0.0434161498600739,1772,16
RHOB,Transformer,0.28125,0.03889741937784997,0.032969758253282064,0.04768874834639032,1772,16
RHOB,Transformer,0.296875,0.0417686656093357,0.03676130320406882,0.04873299987256973,1772,16
RHOB,Transformer,0.3125,0.04162983213437129,0.03587761635973466,0.049028010193557174,1772,16
RHOB,Transformer,0.328125,0.03785811760860081,0.0342773332891121,0.042311591947268676,1772,16
RHOB,Transformer,0.34375,0.03846859606489266,0.03429014146452124,0.04345045733073987,1772,16
RHOB,Transformer,0.359375,0.03639750689316305,0.03215169905427573,0.04333158441220983,1772,16
RHOB,Transformer,0.375,0.03783124232936359,0.03289544631896595,0.04541014908298035,1772,16
RHOB,Transformer,0.390625,0.03919660849667602,0.034568149993867904,0.04507289178612525,1772,16
RHOB,Transformer,0.40625,0.04150176670489971,0.03589977432262002,0.04884827690461501,1772,16
RHOB,Transformer,0.421875,0.039581963762251274,0.03455984450699677,0.0455095568875878,1772,16
RHOB,Transformer,0.4375,0.038719527776256014,0.03457985203325768,0.043663470687802214,1772,16
RHOB,Transformer,0.453125,0.04222206449270994,0.03743824380548302,0.04991123394790326,1772,16
RHOB,Transformer,0.46875,0.038119957993104525,0.03348357217636727,0.04416456097681385,1772,16
RHOB,Transformer,0.484375,0.03876145973032396,0.035313556970631994,0.04307098116274377,1772,16
RHOB,Transformer,0.5,0.010508064837393272,0.00847037958223687,0.013053959908522251,1772,16
NPHI,D2C-GAN,0.0,0.16407210984143117,0.14692421285357882,0.18433222034527846,1251,16
NPHI,D2C-GAN,0.015625,0.851329719721229,0.8054661882337695,0.8933032806674298,1251,16
NPHI,D2C-GAN,0.03125,0.4631309800598632,0.4321669812453774,0.49712283141649893,1251,16
NPHI,D2C-GAN,0.046875,0.07111992979131124,0.06311339041786429,0.08198713835275917,1251,16
NPHI,D2C-GAN,0.0625,0.017303608928336597,0.015351122333287698,0.019587810632039362,1251,16
NPHI,D2C-GAN,0.078125,0.009026825709866477,0.007564925486688911,0.010975055346794335,1251,16
NPHI,D2C-GAN,0.09375,0.006210118586178229,0.005237628417609948,0.007419790514070595,1251,16
NPHI,D2C-GAN,0.109375,0.00473841713695705,0.0040266390164036105,0.005628692207504523,1251,16
NPHI,D2C-GAN,0.125,0.0036984757170585446,0.00307895407390395,0.00447095076212928,1251,16
NPHI,D2C-GAN,0.140625,0.0030407106681433673,0.0025643622011174345,0.0036003598517838752,1251,16
NPHI,D2C-GAN,0.15625,0.0023328823277208163,0.0019007278420706997,0.0028475589564874977,1251,16
NPHI,D2C-GAN,0.171875,0.001855316927586931,0.0014538530135269996,0.0023609532834581244,1251,16
NPHI,D2C-GAN,0.1875,0.001538806869317851,0.001207801166516119,0.0019193606213727468,1251,16
NPHI,D2C-GAN,0.203125,0.0014120457549012314,0.0011179235100308219,0.0017496115040869595,1251,16
NPHI,D2C-GAN,0.21875,0.001389260674926619,0.0010851873532320665,0.0017445284052090132,1251,16
NPHI,D2C-GAN,0.234375,0.0012554694692819934,0.0010243684291589888,0.0015263569107340075,1251,16
NPHI,D2C-GAN,0.25,0.0011957445909235042,0.0009504808162742451,0.0014649661592366424,1251,16
NPHI,D2C-GAN,0.265625,0.0010398114679894736,0.0008341574355984219,0.0012797428931932927,1251,16
NPHI,D2C-GAN,0.28125,0.0009651716484332037,0.0008097674505407862,0.001144805718880488,1251,16
NPHI,D2C-GAN,0.296875,0.0008818672876999354,0.0007206335698393958,0.0010794373999069265,1251,16
NPHI,D2C-GAN,0.3125,0.0008276845599430553,0.0006753396343573368,0.0010035329763303372,1251,16
NPHI,D2C-GAN,0.328125,0.0008469395285674344,0.000723945524517221,0.0009829679517718455,1251,16
NPHI,D2C-GAN,0.34375,0.0008569378297564753,0.0007224504565274762,0.0010127820268384165,1251,16
NPHI,D2C-GAN,0.359375,0.0008098264769356654,0.0006564572030286318,0.0009789731621062466,1251,16
NPHI,D2C-GAN,0.375,0.0008218068019542235,0.0006956124692870795,0.0009706108666740988,1251,16
NPHI,D2C-GAN,0.390625,0.0008211256504753218,0.0006853068981992179,0.00097933027680464,1251,16
NPHI,D2C-GAN,0.40625,0.0008157503658862452,0.0006766862907733676,0.0009867425127424217,1251,16
NPHI,D2C-GAN,0.421875,0.0008133109861431544,0.0006673845208079783,0.0009841830381140438,1251,16
NPHI,D2C-GAN,0.4375,0.0007783741854556631,0.0006311044613607575,0.0009370843294972392,1251,16
NPHI,D2C-GAN,0.453125,0.0007876199359371578,0.0006522825659179702,0.0009475021821945633,1251,16
NPHI,D2C-GAN,0.46875,0.0008194303065377817,0.000676712885813277,0.0009843557777142015,1251,16
NPHI,D2C-GAN,0.484375,0.0007969892807046172,0.0006764735373093409,0.0009236279265870993,1251,16
NPHI,D2C-GAN,0.5,0.00021350218660307527,0.0001706160214665297,0.00026610017581194515,1251,16
NPHI,Bi-LSTM,0.0,0.1629639119579547,0.140012871386157,0.18453684618955785,1251,16
NPHI,Bi-LSTM,0.015625,0.8319434885263272,0.8104096573702867,0.8541972013661164,1251,16
NPHI,Bi-LSTM,0.03125,0.4406253997005251,0.4189923720211325,0.4605825772947234,1251,16
NPHI,Bi-LSTM,0.046875,0.07974132944402162,0.07274788290543391,0.08748616696290872,1251,16
NPHI,Bi-LSTM,0.0625,0.017993327473745394,0.015959725983010306,0.020124307607482794,1251,16
NPHI,Bi-LSTM,0.078125,0.008547116827544249,0.007120026352151563,0.010255667002866262,1251,16
NPHI,Bi-LSTM,0.09375,0.006596053148780606,0.005588335705000608,0.007852422704571486,1251,16
NPHI,Bi-LSTM,0.109375,0.005388497450788199,0.00465984515305372,0.0062439882823115914,1251,16
NPHI,Bi-LSTM,0.125,0.00511524295990799,0.004395619829467442,0.00598023560849271,1251,16
NPHI,Bi-LSTM,0.140625,0.005249969427727888,0.004499421529231888,0.006057924080100302,1251,16
NPHI,Bi-LSTM,0.15625,0.005332042858239672,0.004574782165289385,0.006205004609810512,1251,16
NPHI,Bi-LSTM,0.171875,0.005312651885439509,0.004511574111826394,0.006290782073334172,1251,16
NPHI,Bi-LSTM,0.1875,0.00506042273124819,0.004356678270184198,0.005854525189670471,1251,16
NPHI,Bi-LSTM,0.203125,0.005135538014241408,0.004378314779488105,0.006042004514948098,1251,16
NPHI,Bi-LSTM,0.21875,0.005018966554650308,0.004360877672042645,0.00575001991103939,1251,16
NPHI,Bi-LSTM,0.234375,0.004806774761791715,0.004149599335198428,0.005621422915148975,1251,16
NPHI,Bi-LSTM,0.25,0.004947404217038282,0.004224205092241997,0.005871601087166471,1251,16
NPHI,Bi-LSTM,0.265625,0.004962153530111545,0.004205167469219065,0.005868180502802789,1251,16
NPHI,Bi-LSTM,0.28125,0.0050983620475589025,0.0043044500338408785,0.00608088024221899,1251,16
NPHI,Bi-LSTM,0.296875,0.004726993475423309,0.003967542856741491,0.005696217973741034,1251,16
NPHI,Bi-LSTM,0.3125,0.0047115161739386124,0.004187015649197302,0.005331219340410191,1251,16
NPHI,Bi-LSTM,0.328125,0.004944938616895258,0.004201320691085634,0.005886110735458575,1251,16
NPHI,Bi-LSTM,0.34375,0.004670604424883456,0.004004435636149335,0.005535028995214544,1251,16
NPHI,Bi-LSTM,0.359375,0.0046221864840207015,0.003906429827420394,0.005531559169553954,1251,16
NPHI,Bi-LSTM,0.375,0.004742671435199187,0.003953445851814446,0.005754703450891949,1251,16
NPHI,Bi-LSTM,0.390625,0.004809632431044228,0.003952710813141588,0.005852092768722711,1251,16
NPHI,Bi-LSTM,0.40625,0.004945693355321153,0.00412771731978855,0.005946172214403421,1251,16
NPHI,Bi-LSTM,0.421875,0.005054240533120987,0.004350648102701097,0.005880354747819058,1251,16
NPHI,Bi-LSTM,0.4375,0.004759662560763798,0.00400886142990008,0.005741378720002638,1251,16
NPHI,Bi-LSTM,0.453125,0.0047056301622385565,0.004094141788135694,0.005457007649109675,1251,16
NPHI,Bi-LSTM,0.46875,0.004613461095794712,0.00393836121872826,0.0054872245653225914,1251,16
NPHI,Bi-LSTM,0.484375,0.004587699831229292,0.003911266128867147,0.005462364039578383,1251,16
NPHI,Bi-LSTM,0.5,0.0012408272773090161,0.00101698268744792,0.0015015311600251918,1251,16
NPHI,Bi-GRU,0.0,0.14741233202764978,0.12645586844574186,0.16871506790128826,1251,16
NPHI,Bi-GRU,0.015625,0.8044769732935412,0.779816424065661,0.8278515692945726,1251,16
NPHI,Bi-GRU,0.03125,0.4450566423841189,0.422031671557865,0.4707265626111528,1251,16
NPHI,Bi-GRU,0.046875,0.10166082564672353,0.0928505903061401,0.11099645316356985,1251,16
NPHI,Bi-GRU,0.0625,0.03043608589128564,0.026902901758825173,0.03435867769737059,1251,16
NPHI,Bi-GRU,0.078125,0.015168748372429462,0.013159641332610675,0.017417961720279884,1251,16
NPHI,Bi-GRU,0.09375,0.009615266629677323,0.008163498946345108,0.01145932927506481,1251,16
NPHI,Bi-GRU,0.109375,0.007443944551339081,0.006197258223951234,0.008884041766631639,1251,16
NPHI,Bi-GRU,0.125,0.0064586634958238255,0.005354007325432269,0.007858932342010206,1251,16
NPHI,Bi-GRU,0.140625,0.006365765651616352,0.0053146864187443976,0.007610786143616694,1251,16
NPHI,Bi-GRU,0.15625,0.005832506110628128,0.004929141750984238,0.006943030273169411,1251,16
NPHI,Bi-GRU,0.171875,0.005497348276751849,0.004698092640021146,0.006411032953918021,1251,16
NPHI,Bi-GRU,0.1875,0.005202153734614844,0.004343021749935996,0.006307700249382816,1251,16
NPHI,Bi-GRU,0.203125,0.0053406241208727705,0.004460437141387839,0.006483468975862019,1251,16
NPHI,Bi-GRU,0.21875,0.005108046313470626,0.004369852464827316,0.006038830431585807,1251,16
NPHI,Bi-GRU,0.234375,0.004821465288354607,0.004115687669607043,0.005629505255188051,1251,16
NPHI,Bi-GRU,0.25,0.00512334763075028,0.004313723862618047,0.006047928070400056,1251,16
NPHI,Bi-GRU,0.265625,0.005487418602135214,0.004589327635315365,0.006535576614987422,1251,16
NPHI,Bi-GRU,0.28125,0.005234594209247152,0.0045319753348583,0.006010264377512232,1251,16
NPHI,Bi-GRU,0.296875,0.004815126553105027,0.004018303864117453,0.005796730788110982,1251,16
NPHI,Bi-GRU,0.3125,0.004940575498083523,0.004245186756214457,0.005725673058417155,1251,16
NPHI,Bi-GRU,0.328125,0.004840162668052066,0.004073868787796359,0.005794993659110932,1251,16
NPHI,Bi-GRU,0.34375,0.004460304106912382,0.003695223165296534,0.005436851258861287,1251,16
NPHI,Bi-GRU,0.359375,0.004834000131840659,0.003979274377363626,0.0058784436163065714,1251,16
NPHI,Bi-GRU,0.375,0.005069423025385256,0.004190256493898567,0.006169212783721687,1251,16
NPHI,Bi-GRU,0.390625,0.005178439038414618,0.004247360314289086,0.006364166177635889,1251,16
NPHI,Bi-GRU,0.40625,0.005171561625824639,0.004202996040274397,0.006476498278944765,1251,16
NPHI,Bi-GRU,0.421875,0.005055958952307975,0.004075657145714931,0.006309550181046433,1251,16
NPHI,Bi-GRU,0.4375,0.005152592544673763,0.004333145942831688,0.006190389298107723,1251,16
NPHI,Bi-GRU,0.453125,0.004903180095980358,0.004188978633020481,0.005780008102533168,1251,16
NPHI,Bi-GRU,0.46875,0.004732939283439565,0.004035303185553693,0.005579655018573307,1251,16
NPHI,Bi-GRU,0.484375,0.0046432167556553225,0.003753094337079023,0.005759702417040425,1251,16
NPHI,Bi-GRU,0.5,0.0011196708628220778,0.0009317338755749747,0.0013439362679889156,1251,16
NPHI,Transformer,0.0,0.14103058409112157,0.12574635529363218,0.15835657815484552,1251,16
NPHI,Transformer,0.015625,0.7475153065630209,0.7037803760036881,0.7894391850608433,1251,16
NPHI,Transformer,0.03125,0.40112265646301104,0.37673498192303223,0.42584689024344285,1251,16
NPHI,Transformer,0.046875,0.0787533369397545,0.07015658429685609,0.08800322451383866,1251,16
NPHI,Transformer,0.0625,0.03635384542024264,0.030654074632034484,0.043313341908629406,1251,16
NPHI,Transformer,0.078125,0.02957288678383265,0.024301492539409917,0.036275320909122034,1251,16
NPHI,Transformer,0.09375,0.02701972695618258,0.022006852581719534,0.03352822694483442,1251,16
NPHI,Transformer,0.109375,0.025533050765925065,0.0210428123006878,0.030985225124926536,1251,16
NPHI,Transformer,0.125,0.02452547966559787,0.021021502873133396,0.028626807551364302,1251,16
NPHI,Transformer,0.140625,0.026178054553946856,0.022449161096758763,0.03057863929100262,1251,16
NPHI,Transformer,0.15625,0.027345380475484224,0.023351830542642935,0.03220660403617584,1251,16
NPHI,Transformer,0.171875,0.024857749822492226,0.02124708987120489,0.029458603168105855,1251,16
NPHI,Transformer,0.1875,0.023830843405438916,0.0202545757896166,0.028011767323632728,1251,16
NPHI,Transformer,0.203125,0.02493308836887152,0.021000336129688137,0.029401281974615702,1251,16
NPHI,Transformer,0.21875,0.024985900074953295,0.021155163269879155,0.02970017322748735,1251,16
NPHI,Transformer,0.234375,0.02424489890839214,0.020108156009972185,0.02932129057306325,1251,16
NPHI,Transformer,0.25,0.024296349651284337,0.020336944020217566,0.02918043486988992,1251,16
NPHI,Transformer,0.265625,0.02616782677594031,0.0222951197905368,0.03073399212038737,1251,16
NPHI,Transformer,0.28125,0.026137384621316543,0.02259717808613016,0.030430284064635764,1251,16
NPHI,Transformer,0.296875,0.024690437158965264,0.020492512156940722,0.029564573976007775,1251,16
NPHI,Transformer,0.3125,0.025241444279680825,0.021700092758962668,0.029473675304145946,1251,16
NPHI,Transformer,0.328125,0.02525828597971193,0.021475400082479633,0.029980546400802,1251,16
NPHI,Transformer,0.34375,0.02332266384698607,0.01991997518351101,0.027422415420800487,1251,16
NPHI,Transformer,0.359375,0.023948483347787892,0.02040742413795528,0.028406499098048776,1251,16
NPHI,Transformer,0.375,0.025336780639472527,0.021887961555718424,0.02946696972922426,1251,16
NPHI,Transformer,0.390625,0.02551088339042583,0.022175804231249794,0.029362760929035687,1251,16
NPHI,Transformer,0.40625,0.025551151629548165,0.021996408477220303,0.029761481172298213,1251,16
NPHI,Transformer,0.421875,0.024874557926813215,0.02086868845465984,0.02990693309903184,1251,16
NPHI,Transformer,0.4375,0.025521863404132834,0.02105441040932008,0.031113214077915743,1251,16
NPHI,Transformer,0.453125,0.024237518292799985,0.020171608442250095,0.029598030078303018,1251,16
NPHI,Transformer,0.46875,0.02334539186007624,0.018981367045648255,0.02881331899689828,1251,16
NPHI,Transformer,0.484375,0.023398062170099317,0.019323876053363342,0.028017930094489114,1251,16
NPHI,Transformer,0.5,0.006234963699095693,0.004594028984204812,0.008223326794576604,1251,16
DTC,D2C-GAN,0.0,0.17307914003551125,0.15591110721747495,0.1916001391208009,1632,16
DTC,D2C-GAN,0.015625,0.876554735064274,0.849957644980342,0.9011498346543395,1632,16
DTC,D2C-GAN,0.03125,0.4408255884129882,0.41176123203956033,0.47249403348093116,1632,16
DTC,D2C-GAN,0.046875,0.07278332342459176,0.06712733942555797,0.07962600941082096,1632,16
DTC,D2C-GAN,0.0625,0.020643742432158965,0.01861286175244383,0.02310613998265282,1632,16
DTC,D2C-GAN,0.078125,0.012453541692525043,0.010970779235221328,0.01409847729936073,1632,16
DTC,D2C-GAN,0.09375,0.009040870315326298,0.007831704901896374,0.0104502065888618,1632,16
DTC,D2C-GAN,0.109375,0.007151454077179584,0.006264581553242533,0.008122515832958189,1632,16
DTC,D2C-GAN,0.125,0.005610989981374378,0.004807817573770256,0.006476301002559111,1632,16
DTC,D2C-GAN,0.140625,0.004412941546473866,0.003821203498863068,0.005106068159244382,1632,16
DTC,D2C-GAN,0.15625,0.003483462112423011,0.0029471219664752497,0.004092659487344552,1632,16
DTC,D2C-GAN,0.171875,0.003163158435543924,0.0027770454852131545,0.0035819081791458756,1632,16
DTC,D2C-GAN,0.1875,0.0028762141264676317,0.0025313079576217284,0.0032497398293894566,1632,16
DTC,D2C-GAN,0.203125,0.0023564608967035277,0.0020718012545495046,0.002692370560375253,1632,16
DTC,D2C-GAN,0.21875,0.0021246910072084593,0.001864473504702669,0.0024209098261279457,1632,16
DTC,D2C-GAN,0.234375,0.0020176301825687868,0.0017444977791334826,0.0023030220848770273,1632,16
DTC,D2C-GAN,0.25,0.0018336560414413928,0.001577577555416519,0.0021453263498079065,1632,16
DTC,D2C-GAN,0.265625,0.0016520208971097761,0.0013891560688307127,0.0019661417347536497,1632,16
DTC,D2C-GAN,0.28125,0.0016814178007721885,0.0014076836832124131,0.0020186825765831206,1632,16
DTC,D2C-GAN,0.296875,0.0015436894654160674,0.0012846618565778888,0.0018206309966001125,1632,16
DTC,D2C-GAN,0.3125,0.0014527709300479578,0.0012343608694611358,0.0017007118144920792,1632,16
DTC,D2C-GAN,0.328125,0.001354848877845042,0.0010925239087821183,0.00166958493791922,1632,16
DTC,D2C-GAN,0.34375,0.0014063463348276946,0.0012001528701912926,0.0016498903519026106,1632,16
DTC,D2C-GAN,0.359375,0.0013440198229599182,0.001162553968879287,0.0015524909534755343,1632,16
DTC,D2C-GAN,0.375,0.0013295846851029017,0.0010996321218909035,0.0015892214669161252,1632,16
DTC,D2C-GAN,0.390625,0.001372878585630102,0.0011572613798949314,0.0016433951094149558,1632,16
DTC,D2C-GAN,0.40625,0.00143184166764709,0.0012164284280265464,0.0017137771058824418,1632,16
DTC,D2C-GAN,0.421875,0.0013683900231962983,0.0011743439249819107,0.0015936710477088764,1632,16
DTC,D2C-GAN,0.4375,0.0013093860483735296,0.001136429687995329,0.0015222906110743484,1632,16
DTC,D2C-GAN,0.453125,0.0012661768022670646,0.001074304782912856,0.001486749363643036,1632,16
DTC,D2C-GAN,0.46875,0.0012192454512927465,0.001021058821993505,0.0014460397555929071,1632,16
DTC,D2C-GAN,0.484375,0.0012762889699467054,0.0010849764308442458,0.0015020781966279407,1632,16
DTC,D2C-GAN,0.5,0.00030010672244989333,0.00022915393537988187,0.0003911167372513698,1632,16
DTC,Bi-LSTM,0.0,0.16993336693012723,0.15539634543580733,0.187766179759746,1632,16
DTC,Bi-LSTM,0.015625,0.8298231332077676,0.7942118229889631,0.863804963999633,1632,16
DTC,Bi-LSTM,0.03125,0.4137806714869811,0.38478371477348766,0.4408776974925028,1632,16
DTC,Bi-LSTM,0.046875,0.06691177887787414,0.057652476657919394,0.07579897409830706,1632,16
DTC,Bi-LSTM,0.0625,0.019698607005722544,0.017965430810981665,0.021302280482661706,1632,16
DTC,Bi-LSTM,0.078125,0.012579263145042529,0.011349220485388582,0.013894903184120384,1632,16
DTC,Bi-LSTM,0.09375,0.010440983330997678,0.00946137261295338,0.01150320353487349,1632,16
DTC,Bi-LSTM,0.109375,0.009494636705066043,0.008495594076120798,0.01063989775754451,1632,16
DTC,Bi-LSTM,0.125,0.00885244981769574,0.008093150348476618,0.009627086512878226,1632,16
DTC,Bi-LSTM,0.140625,0.008490171074504022,0.007529940676432527,0.009485084001344419,1632,16
DTC,Bi-LSTM,0.15625,0.00818632033736547,0.0069533815451721945,0.009464431862115858,1632,16
DTC,Bi-LSTM,0.171875,0.008984866599141385,0.007965509238965805,0.010054905979738012,1632,16
DTC,Bi-LSTM,0.1875,0.008466240399163326,0.0071648204620439,0.009863934960471268,1632,16
DTC,Bi-LSTM,0.203125,0.008483787019920405,0.007492133242794409,0.00948353128313869,1632,16
DTC,Bi-LSTM,0.21875,0.00803999962593097,0.007030778078745808,0.009100112336467672,1632,16
DTC,Bi-LSTM,0.234375,0.00829263756514361,0.007061552392555045,0.009713985741493103,1632,16
DTC,Bi-LSTM,0.25,0.008410442057581879,0.007490085505343754,0.009424837329886011,1632,16
DTC,Bi-LSTM,0.265625,0.008200739629129776,0.007149510963551337,0.009369287562030334,1632,16
DTC,Bi-LSTM,0.28125,0.008866038190496266,0.007789783739009788,0.010133963876427798,1632,16
DTC,Bi-LSTM,0.296875,0.008174596839667736,0.00712586943867727,0.009424378997876091,1632,16
DTC,Bi-LSTM,0.3125,0.008315680666280916,0.007245804322674893,0.009342619015871502,1632,16
DTC,Bi-LSTM,0.328125,0.008070207832967337,0.006932027157940999,0.0092281681931176,1632,16
DTC,Bi-LSTM,0.34375,0.008340087920902609,0.007356594371647181,0.009333734611099511,1632,16
DTC,Bi-LSTM,0.359375,0.008164148772407035,0.00740135459250025,0.008952561764744833,1632,16
DTC,Bi-LSTM,0.375,0.008168305771982404,0.007323499452305145,0.008983411474552368,1632,16
DTC,Bi-LSTM,0.390625,0.008333848797417038,0.0072091718260763726,0.009375643097276374,1632,16
DTC,Bi-LSTM,0.40625,0.008144655418098284,0.006983801116049475,0.0093938401401366,1632,16
DTC,Bi-LSTM,0.421875,0.008562674657853953,0.00769146290290359,0.009486259771284474,1632,16
DTC,Bi-LSTM,0.4375,0.008299960761479907,0.007235445062400693,0.009516629115384641,1632,16
DTC,Bi-LSTM,0.453125,0.007878608985606779,0.006803554316528154,0.009075905428140288,1632,16
DTC,Bi-LSTM,0.46875,0.0075609328970568206,0.006202115525902728,0.009087957895255497,1632,16
DTC,Bi-LSTM,0.484375,0.008078076543551048,0.007104057297380688,0.009161900475180042,1632,16
DTC,Bi-LSTM,0.5,0.00205900149015927,0.0016719773996326424,0.002502984598312657,1632,16
DTC,Bi-GRU,0.0,0.16226386739448032,0.14470856197658835,0.18084376878161287,1632,16
DTC,Bi-GRU,0.015625,0.825991291690571,0.7967640020754388,0.8544964423292566,1632,16
DTC,Bi-GRU,0.03125,0.40360350378974036,0.37666090314995315,0.4335200501153447,1632,16
DTC,Bi-GRU,0.046875,0.07847721514427392,0.06986994130207409,0.08714852805276843,1632,16
DTC,Bi-GRU,0.0625,0.023180594465988816,0.020770202365327606,0.02566488654167661,1632,16
DTC,Bi-GRU,0.078125,0.014873332829732834,0.013061859689005946,0.01730137009064562,1632,16
DTC,Bi-GRU,0.09375,0.010979354584314755,0.009885929686387457,0.012309553249735436,1632,16
DTC,Bi-GRU,0.109375,0.008650895805628563,0.007672632424163009,0.009786834986984997,1632,16
DTC,Bi-GRU,0.125,0.008057932929873222,0.007023560387929558,0.009341092099888454,1632,16
DTC,Bi-GRU,0.140625,0.007291811531315427,0.006355341546057793,0.008477937954906891,1632,16
DTC,Bi-GRU,0.15625,0.007000279479906241,0.006122144585994272,0.008135581026298863,1632,16
DTC,Bi-GRU,0.171875,0.007118892404863376,0.006092646167577009,0.008379100904728163,1632,16
DTC,Bi-GRU,0.1875,0.00712373288009571,0.006124537567782148,0.008346373222209059,1632,16
DTC,Bi-GRU,0.203125,0.0066390363417500676,0.005809439879727475,0.007645917811182973,1632,16
DTC,Bi-GRU,0.21875,0.006339075527446826,0.005560882463913215,0.007204909900137721,1632,16
DTC,Bi-GRU,0.234375,0.006581653409628945,0.005849599037189457,0.007460634447772626,1632,16
DTC,Bi-GRU,0.25,0.00675577230563427,0.006004376595063851,0.0076207031636354415,1632,16
DTC,Bi-GRU,0.265625,0.006769296877765925,0.00592958617129617,0.007719189011845713,1632,16
DTC,Bi-GRU,0.28125,0.00676498056710634,0.005908318201262226,0.007742901843630186,1632,16
DTC,Bi-GRU,0.296875,0.0065966316313131644,0.005734647867087502,0.007708618028460385,1632,16
DTC,Bi-GRU,0.3125,0.00662428336049853,0.00579180841516032,0.007566858631715352,1632,16
DTC,Bi-GRU,0.328125,0.007043151658368571,0.006250747058519378,0.007905560027458172,1632,16
DTC,Bi-GRU,0.34375,0.006827680609889333,0.005895641742462813,0.007982695686297331,1632,16
DTC,Bi-GRU,0.359375,0.00675603231080855,0.0059800646955042,0.007707502757722163,1632,16
DTC,Bi-GRU,0.375,0.00627029334057639,0.005217774129988592,0.007530800368509767,1632,16
DTC,Bi-GRU,0.390625,0.006689667814418224,0.005750912805428895,0.007799920349779843,1632,16
DTC,Bi-GRU,0.40625,0.00716976215780575,0.006128475233123678,0.00843580827717787,1632,16
DTC,Bi-GRU,0.421875,0.007025882376313641,0.005978995126633536,0.008342939645221065,1632,16
DTC,Bi-GRU,0.4375,0.006635979234451387,0.0056106281609193814,0.007848238232312933,1632,16
DTC,Bi-GRU,0.453125,0.006594029785081873,0.00578540337620005,0.007579514542639026,1632,16
DTC,Bi-GRU,0.46875,0.0064600954647789,0.005703195420697193,0.007393424390358516,1632,16
DTC,Bi-GRU,0.484375,0.006103843010535917,0.00540123328690739,0.0068947335647184865,1632,16
DTC,Bi-GRU,0.5,0.001742748993907191,0.001469696816079969,0.0020548156698270144,1632,16
DTC,Transformer,0.0,0.13161573256657705,0.11674837754689063,0.14894671182849123,1632,16
DTC,Transformer,0.015625,0.681471088631369,0.6517344137412368,0.712350632960704,1632,16
DTC,Transformer,0.03125,0.3961060765269364,0.36684229910647975,0.42422915654664267,1632,16
DTC,Transformer,0.046875,0.09924374445590094,0.09006785633374183,0.10854257231651113,1632,16
DTC,Transformer,0.0625,0.05305808778471686,0.04706351599056975,0.06018126249006203,1632,16
DTC,Transformer,0.078125,0.04566398777508228,0.04101038660066311,0.05109208992816645,1632,16
DTC,Transformer,0.09375,0.0408326248844407,0.03588212395588975,0.04655696199216013,1632,16
DTC,Transformer,0.109375,0.04081254385504744,0.03603663764861143,0.04664522696386821,1632,16
DTC,Transformer,0.125,0.04326087209349221,0.037736754694106374,0.04952758988664764,1632,16
DTC,Transformer,0.140625,0.0452804311535604,0.039611013326648875,0.05161263390622898,1632,16
DTC,Transformer,0.15625,0.04607627720806705,0.03937499449650248,0.053353246778212966,1632,16
DTC,Transformer,0.171875,0.04248194763778923,0.036712242425803975,0.04856561133336503,1632,16
DTC,Transformer,0.1875,0.038657542825304064,0.03274986781748973,0.044778933729221204,1632,16
DTC,Transformer,0.203125,0.038667825765659684,0.03443653118782563,0.043504317941802775,1632,16
DTC,Transformer,0.21875,0.03825753341009649,0.03276837249305074,0.044332017025660454,1632,16
DTC,Transformer,0.234375,0.0387071798108851,0.03260870205717023,0.04558341977615266,1632,16
DTC,Transformer,0.25,0.03658577754075024,0.02919982655309782,0.044146088293788924,1632,16
DTC,Transformer,0.265625,0.041130716925289586,0.03524837021316505,0.04759213614510287,1632,16
DTC,Transformer,0.28125,0.04107203087573841,0.03522133752310222,0.04718702673096785,1632,16
DTC,Transformer,0.296875,0.04079748163975725,0.03483629788797689,0.046877698431109754,1632,16
DTC,Transformer,0.3125,0.03905499773331931,0.03381216948372528,0.04474195746054324,1632,16
DTC,Transformer,0.328125,0.040260443789960576,0.03467139840346911,0.04601527985779338,1632,16
DTC,Transformer,0.34375,0.038301270176150655,0.03291341310838713,0.04440556500083973,1632,16
DTC,Transformer,0.359375,0.03807249650672346,0.032246281193014696,0.04392679313795321,1632,16
DTC,Transformer,0.375,0.03977938328298136,0.035507472728477756,0.04452219990242011,1632,16
DTC,Transformer,0.390625,0.0396049047888714,0.03368292687258315,0.045909267537150036,1632,16
DTC,Transformer,0.40625,0.038113125885098666,0.03265173908878989,0.04355356310587066,1632,16
DTC,Transformer,0.421875,0.03867625851839156,0.03373999806430597,0.04417304886480203,1632,16
DTC,Transformer,0.4375,0.0396570448494421,0.03517901871880928,0.044763491626608906,1632,16
DTC,Transformer,0.453125,0.04138015870001041,0.03510994924333979,0.04736314227958921,1632,16
DTC,Transformer,0.46875,0.03935099329504163,0.033877212343795156,0.04521117177411808,1632,16
DTC,Transformer,0.484375,0.03811677654414985,0.03293936542066487,0.04376485886216029,1632,16
DTC,Transformer,0.5,0.010178606506880648,0.008644571466313321,0.011974520374892056,1632,16
