model,missing_rate,feature,wells_with_targets,target_cells,pooled_rmse,pooled_mae,pooled_r2,pooled_pcc,bootstrap_replicates,bootstrap_seed,well_mean_rmse,well_sd_rmse,well_ci95_low_rmse,well_ci95_high_rmse,well_mean_mae,well_sd_mae,well_ci95_low_mae,well_ci95_high_mae,well_mean_r2,well_sd_r2,well_ci95_low_r2,well_ci95_high_r2,well_mean_pcc,well_sd_pcc,well_ci95_low_pcc,well_ci95_high_pcc,cluster_ci95_low_rmse,cluster_ci95_high_rmse,cluster_ci95_low_mae,cluster_ci95_high_mae,cluster_ci95_low_r2,cluster_ci95_high_r2
covariance,0.2,GR,130,253862,6.30415934167386,3.330862356384971,0.9755496977408395,0.9877258188205849,10000,20260806,6.126234087924927,2.8863845581209735,5.643181119231702,6.635682992788401,3.5242380586954263,1.4973900854110131,3.273854755037106,3.7853522945940496,0.9666024529016934,0.02399848837280641,0.9623246450034472,0.9705391948039714,0.9835660482793812,0.011656887187563065,0.9815003260156617,0.9855079569864121,5.8288525972640794,6.798141805482789,3.110058528884319,3.5631479420409238,0.9724051040256448,0.9784242928111321
covariance,0.2,RHOB,108,116509,0.0524722631898072,0.0287064203477556,0.9161887962825404,0.958058606394985,10000,20260806,0.048821672989045474,0.021518138201504937,0.04493759505314436,0.05303011443101522,0.030820492827505933,0.010733230999551365,0.02880273938601556,0.032901896017224104,0.8681952401443764,0.11540687256252298,0.844864534959197,0.8889222304854127,0.9367455508704519,0.05365736986117583,0.9261732372580084,0.9462855324160672,0.04549203101391313,0.0598523710487573,0.026846696035918105,0.030784270253584843,0.8921008457309363,0.9353478091656814
covariance,0.2,NPHI,97,85914,0.0237355496777934,0.0146480237654801,0.9595256592750914,0.9796341952096946,10000,20260806,0.023214023016517954,0.008678412907353501,0.021592543376751382,0.024998261338663636,0.015359655905937363,0.0052569794906462035,0.014365681147529242,0.016445213892573887,0.34285101509585825,5.360364353546522,-0.7943752782860981,0.9272695027368584,0.9474967733531298,0.10454320754491402,0.9235197408503832,0.9643910379083707,0.021370987839475487,0.026367820089623153,0.013608249320547026,0.015761740720983384,0.950085971823975,0.9671517875191308
covariance,0.2,DTC,112,217817,4.941227734342735,2.7203998187999234,0.9719793240997128,0.9860084795438568,10000,20260806,4.749417485038975,1.9430544024743315,4.408544084200762,5.122403114127502,2.764275947851794,0.8266289925434142,2.6150062360933846,2.921056930614369,0.9497001320123672,0.05194746043937791,0.9393837504088879,0.9587854586408606,0.975750190307043,0.024001541854319575,0.971081328344631,0.979887447300104,4.554024659132522,5.374933967223986,2.5697498059505075,2.889019845765448,0.9658831995547164,0.9768132027438093
covariance,0.4,GR,130,507428,7.828307654949191,4.130048145016425,0.9624082581471648,0.981120021631944,10000,20260806,7.645081424314263,3.2024154281042714,7.1179554831615475,8.208591110627925,4.339134299755097,1.745626675012376,4.042734665114146,4.6391711692397415,0.9498644723342016,0.03029225353320449,0.944543030491242,0.9550093182119039,0.9749798302460825,0.015217512501154138,0.9723215114912718,0.977505060659102,7.302311894430561,8.367927086084496,3.868339946866291,4.4137223573267566,0.9581948313494089,0.9662129791337593
covariance,0.4,RHOB,108,232791,0.0530616190725738,0.0299000921207234,0.9138407769533798,0.9566015452574644,10000,20260806,0.051898119823562947,0.022845929629065592,0.04779612716384854,0.056356572541338426,0.032107850985118584,0.010647423730369615,0.030151268783353082,0.034157923276156694,0.855894477279098,0.11224953672398376,0.8337401740252972,0.8759863959418402,0.9283923204306527,0.057345725087865625,0.9172132593880836,0.9382971996860783,0.04755531927613276,0.05915103098634362,0.028144574982730867,0.031851656449157356,0.8946793950775506,0.9294195030353888
covariance,0.4,NPHI,97,171565,0.0254939075325778,0.0159505567794407,0.9532935484220844,0.9764544773370962,10000,20260806,0.025482886279585934,0.008777024028294686,0.02381916202531511,0.027291067765585604,0.016858153822879765,0.005714242346742769,0.015762230422895006,0.018038045247709425,0.4369235395156231,4.392898780601837,-0.4844993172232638,0.9127923464191329,0.9412556468339855,0.09936189526242364,0.9186556533707495,0.9572496432682331,0.023331836709327113,0.027696153792547328,0.014819934109143703,0.0171342135813793,0.9438362474392356,0.9613334942332012
covariance,0.4,DTC,112,435396,5.22053002797484,2.961374131071197,0.9687295183002528,0.9843273453362972,10000,20260806,5.115512445570635,1.7184195837316611,4.8157010595306025,5.441416038427748,3.0076327568718364,0.7956514448265815,2.8605083317096742,3.1560603555291893,0.9430251669670854,0.05360964852974756,0.932593370189092,0.9522790745965072,0.9718196068177481,0.02637087866562501,0.9665810653856113,0.9763029231110528,4.915097104831813,5.547783902046934,2.8118116294287256,3.1171441694227053,0.9635901865164671,0.972989346022924
covariance,0.6,GR,130,762446,10.021857850397236,5.351809299544733,0.9382878338817632,0.968972027064638,10000,20260806,9.803725985229956,3.7999866670055,9.164392374416485,10.448630817110779,5.603731736770043,2.2028312375655377,5.238006652341439,5.986371781482147,0.9168858716121087,0.04800247614180304,0.9083294174419,0.924852220175358,0.958005785306286,0.024806001739352348,0.9536888375967413,0.9621688603782886,9.391381792714089,10.670930680985704,5.018226697963852,5.709642063028171,0.9319452013085274,0.9442320796036183
covariance,0.6,RHOB,108,349841,0.0566467767121217,0.0331805076085429,0.9013286708396744,0.9498206955752164,10000,20260806,0.05719678952761104,0.021647059659972413,0.05323304978051074,0.061446962041535394,0.0359665521903446,0.01146095257891275,0.03389479831783787,0.03817925401790822,0.8274199813604355,0.11216080843563367,0.8058223401782689,0.8480012204222105,0.9118990993889587,0.06128767798213438,0.8999358564600545,0.9232787957165072,0.05224082835868182,0.06146054114264379,0.0313914734232264,0.035150889372643386,0.8857494635709077,0.9146768513753925
covariance,0.6,NPHI,97,257340,0.0286844252931071,0.018383411080018,0.9407954738757682,0.9701359564263272,10000,20260806,0.0292109615044906,0.009235679673335594,0.027432046678750557,0.03109354192638119,0.019389295182430818,0.006029903293544415,0.018221541341470956,0.020588331042366417,0.8072766225362561,0.4929961172074101,0.6930341965605303,0.8823244484583127,0.9280602679012869,0.08021844194566187,0.9110758515293401,0.9423731344834034,0.026638879370728667,0.030822008237386976,0.017150838558866288,0.019678583255760152,0.9273826766457616,0.9512212690765757
covariance,0.6,DTC,112,653335,6.271063080582128,3.4465450212449635,0.955135112962124,0.9774102668283235,10000,20260806,5.988735556219497,2.1280893053132743,5.631074718623986,6.4053668046949,3.4613485538533757,0.8432328014871064,3.306405448221734,3.618426143191755,0.9248397430138928,0.07584145696768327,0.9090275832052742,0.9367528163428818,0.9614490327262794,0.045621101199850855,0.95182243586884,0.9685134839163415,5.783369525608086,6.912794223123567,3.2841261254679988,3.612779562599585,0.9442235993276192,0.9626191893805186
covariance,0.8,GR,130,1016651,14.456023637032676,7.925815117349183,0.8716903820682672,0.9351712402129552,10000,20260806,14.243466866539976,5.0959355197502605,13.384650257797244,15.123656747876781,8.28074042063493,3.1548122086083703,7.742866790569745,8.835848226776491,0.8251589921804575,0.09798476061462764,0.8083631956233428,0.8416092922710455,0.9112665953845323,0.05047702888181715,0.902364664818521,0.919772832465165,13.60300409250078,15.33567279929747,7.444333375079234,8.449153479682884,0.8589707700470082,0.8835181326819248
covariance,0.8,RHOB,108,466121,0.0668208156169875,0.0409103141600415,0.8631304199514213,0.9297829948998544,10000,20260806,0.06851391408234339,0.02204984323025509,0.0644917759949681,0.07272550836896687,0.04438583031986593,0.013267740449869439,0.04192740510830099,0.0469623467190777,0.7553666134675344,0.1388374669017774,0.7282688556307996,0.7808516378617949,0.8747502300688114,0.07496779671920091,0.8604368064555458,0.888555134366837,0.06279248165255039,0.07122124607540119,0.038889682059132506,0.04306810680874183,0.8464458031986519,0.8778883587484455
covariance,0.8,NPHI,97,343436,0.036203208663901,0.0235479580678355,0.9057427527748608,0.9523635127467578,10000,20260806,0.03745422631077033,0.009516368451731915,0.03558514459039182,0.03935170434383024,0.025033163319620223,0.006652158049411777,0.023754066920397547,0.026387955373412274,0.6709604902365773,0.9409345885181187,0.4480867459141102,0.8135746468127388,0.8890779953014515,0.10184346598158843,0.8668270612495325,0.9073121741827886,0.03408436396133347,0.03830612705329458,0.022092724044245202,0.02503123678870803,0.8872623926296063,0.9205516704090961
covariance,0.8,DTC,112,871061,7.897492555564416,4.478167736360097,0.9287367118606072,0.963975802862112,10000,20260806,7.626895807834403,2.098217073661524,7.258251294370727,8.02106141742069,4.4786603727511,0.9969198778216007,4.295038970613054,4.664919952941792,0.8822375408240727,0.08737424131454227,0.8647949464885253,0.8970480306473162,0.9394522407512049,0.05080238324640898,0.9292095601603009,0.9478795122325964,7.47409191405617,8.353473790407213,4.2871549627299785,4.671543750326702,0.9177662001730836,0.9377371419040854
cGAN,0.2,GR,130,253862,7.74540506952015,4.348961216247618,0.9630922015913436,0.9814974789817872,10000,20260806,7.612335342410543,3.0701648999981916,7.087039594881853,8.149936904310392,4.546786152399504,1.7238739855294303,4.256958562960992,4.8442753426157505,0.9487617002083705,0.033315424090202835,0.9427971434363952,0.9542502823357399,0.9747014160598931,0.016441558334232897,0.9717161319266867,0.9773922668495929,7.233307699769169,8.27261076605557,4.088135746117495,4.624721763292351,0.9591037058984737,0.9668373439111942
cGAN,0.2,RHOB,108,116509,0.0560735801080605,0.0356065766836684,0.9042896165620288,0.9515124381184192,10000,20260806,0.05516433104571837,0.016882737542586942,0.05213358895604591,0.05832676808341673,0.037012429873424506,0.010028456979001819,0.03515576152993294,0.038947979920043535,0.8283300565348731,0.11846659531344766,0.8057504008627601,0.8502735999033407,0.9157732937168064,0.060064186368197874,0.9039126218035963,0.9265207825602212,0.05210004529394665,0.06046171882888767,0.033689876996942605,0.0376817603492942,0.8892276905462946,0.9173549074894023
cGAN,0.2,NPHI,97,85914,0.0265558383852104,0.0173958806204341,0.949335795294714,0.9746860995171676,10000,20260806,0.02694930677868488,0.007978873746693831,0.025414171613772307,0.028586076032143682,0.018218355877420905,0.005332638798147252,0.017207910074161063,0.019320698047882456,0.7979716818357251,0.6546150303118317,0.648447711627508,0.898369378343071,0.9363582670157871,0.07692118555507049,0.919446800687334,0.9498855248211484,0.024897007938103864,0.028206683724954357,0.01634934488044872,0.01848817635493971,0.9384941484982628,0.9578066902177297
cGAN,0.2,DTC,112,217817,6.412104336492661,3.759481925023716,0.9528143407505152,0.9766647213571122,10000,20260806,6.200895810067153,2.163471419244971,5.824375871856881,6.6150299637044085,3.8570945305483684,1.548566205448971,3.589574686783765,4.164923758458878,0.9100427372114999,0.10546951090002052,0.8892893854927804,0.9277812786533364,0.9609119744680547,0.03535845593655874,0.9540968424541935,0.967070837235437,5.962807545106695,6.916916751826581,3.5193893189282597,4.044452126171403,0.9426630324124616,0.9606869004794735
cGAN,0.4,GR,130,507428,9.571383431523582,5.208518417082829,0.9438039088556226,0.9715256009855816,10000,20260806,9.484454537239163,3.477542611522581,8.908113227182575,10.096863754052803,5.44758697106288,1.995673476811338,5.107064264966891,5.791563835098193,0.9230337321758271,0.04318431271541674,0.9153824529281029,0.9302820631517813,0.9610734019073393,0.022083105151906993,0.9572268448793505,0.9647330243731789,9.009227568224887,10.163893418599985,4.905400074380836,5.5350161061834156,0.9384386108972338,0.9485338283703142
cGAN,0.4,RHOB,108,232791,0.062697994085543,0.0386657896081649,0.8797048627253339,0.938097511974093,10000,20260806,0.06302106933667849,0.023331984355809753,0.05878765614303823,0.06762187318291939,0.0407292590718026,0.011975224426845378,0.03856689374488601,0.043046117953404184,0.7883674138122134,0.13495152589522788,0.7630280705513778,0.8131741144039012,0.8926061422841397,0.07097870134586974,0.878717604706135,0.9050821039098839,0.05810020243288347,0.067663898162441,0.036694615472664796,0.04085385417538324,0.8609811908436829,0.895300612508918
cGAN,0.4,NPHI,97,171565,0.0310061818675937,0.0203181581655892,0.9309123148372612,0.9651987672365832,10000,20260806,0.03145219843733596,0.008528718830936999,0.029792772570747382,0.033225927487704754,0.02124739386448536,0.005711876181145441,0.020158674963509867,0.0223934310128355,0.6246779757676665,1.7776899216422488,0.21062656699382154,0.8695233597583378,0.9182163650687561,0.0993591089394877,0.8961071497391603,0.9353191011136394,0.029351164289778308,0.032677427547133875,0.019244476452507014,0.021433162470957945,0.9184637635355869,0.9403809044765729
cGAN,0.4,DTC,112,435396,7.144488583924814,4.227362398724559,0.9414337161172508,0.9711339311268636,10000,20260806,6.996991630050884,2.2457494236050564,6.599039124492078,7.418970271610286,4.347965357559068,1.5950843333469515,4.073487877898983,4.662551603253398,0.8855737868164267,0.12780813889256482,0.8600532454970692,0.9072649103722402,0.9502510688349349,0.04448773646998909,0.9412416312141119,0.9578633042052387,6.701376587033469,7.64493343783037,3.9786044730676653,4.522949578857158,0.9304874835728233,0.9502322670153143
cGAN,0.6,GR,130,762446,13.538248300537422,7.237513748156017,0.8873842161939883,0.9425728151280564,10000,20260806,13.527883968139454,4.050278681510567,12.835963586242958,14.227929065481622,7.539474965975835,2.379459836967223,7.141364478147946,7.956835680099633,0.8412438282599816,0.0814139429498787,0.8270293822769935,0.8543321875196237,0.9197900677953829,0.04016168968593996,0.9128717323038542,0.9266634476439054,12.84796485123023,14.248967733685065,6.871162101783154,7.633146049920231,0.8791628188357383,0.8948692792273554
cGAN,0.6,RHOB,108,349841,0.0758289685676478,0.0474517848141027,0.8231883528044006,0.9091513736798816,10000,20260806,0.07714382646156391,0.025300132497798614,0.07254073081759974,0.08204813232035346,0.05042505736842195,0.01490605316358648,0.04776328732561384,0.053373027166041184,0.6790812136950316,0.21826796401560575,0.6357076312518782,0.7179467533749562,0.8436967399680789,0.09587123118632829,0.8250186573493639,0.861354897138492,0.07105765037449845,0.08125695407976168,0.0451420162225331,0.05000396258251783,0.7996408080783284,0.8427944386840365
cGAN,0.6,NPHI,97,257340,0.0404636659774605,0.0261683899233222,0.8821870427929346,0.9411261287362652,10000,20260806,0.0400477189963997,0.010650389228477877,0.03795920631949194,0.042232066667708436,0.026831558924744377,0.006419475719536646,0.02557281393812215,0.028103546196229935,-0.06329567100583892,6.24411470473317,-1.4941976697020922,0.7969567924277069,0.8809673300225046,0.12087634343778292,0.8549828698053354,0.9018633579037206,0.03800481783713961,0.04308962307165614,0.02485073020029833,0.02750868914877982,0.8670610187775932,0.8941903534854713
cGAN,0.6,DTC,112,653335,10.075657252831984,5.730946264675903,0.8841833467613341,0.9436794149675478,10000,20260806,9.723667878492707,3.148742616988222,9.165505993702912,10.326786949817459,5.82794777410371,1.9426553634057429,5.491216450876423,6.202194698208145,0.7865844576486519,0.20942309422059238,0.7464393981599382,0.8233491838510547,0.9107203676780061,0.07868627837100976,0.8951635656068034,0.9243339239020841,9.448171315741112,10.771085075645383,5.406348894786009,6.0764189463801666,0.8638465940909601,0.9001581721202442
cGAN,0.8,GR,130,1016651,23.740528602363817,13.70132840677304,0.6539472683957613,0.8222180949898981,10000,20260806,23.892510589468078,6.08429662967609,22.85547851557746,24.94830805424451,14.20646536900447,3.6353644706066945,13.586537156013343,14.846268113851547,0.49216635273053094,0.31868178363211797,0.433110017398229,0.542517619488331,0.7706950258086493,0.08089126052378605,0.7563055727567063,0.78392882493267,22.69907426148535,24.83684650303531,13.112196257276675,14.339821004881909,0.6337288652309928,0.6707731836395003
cGAN,0.8,RHOB,108,466121,0.1054556325370383,0.0684229036209101,0.6591031784227723,0.8147608806188272,10000,20260806,0.10850096375063518,0.03231337660112553,0.1026552625897175,0.1148414982036167,0.07280122488737101,0.020770754926928273,0.06907851302358144,0.07681008856484868,0.36208547431009785,0.5143538109173617,0.2542878937528089,0.4494288411819272,0.7139216017220348,0.13025848102803336,0.6889470931892391,0.7375984700230731,0.10050978888985614,0.1108405935044384,0.06577108601839982,0.07132451297052342,0.6296480234004687,0.6845126472379458
cGAN,0.8,NPHI,97,343436,0.067396091116531,0.043517540529712,0.6733444490162186,0.8456733434005994,10000,20260806,0.062816880125718,0.021654866592669856,0.05876930015746227,0.06718186692553668,0.04330733860122783,0.013729945931412841,0.04068552621678666,0.04615522073773836,-3.895521289294528,32.12465349723912,-11.241364899185516,0.5285588520396616,0.7753123378450374,0.13309570955378722,0.7474967397685802,0.7995408070927807,0.060213014343520596,0.0752225456851223,0.040148244022677,0.04747836349912708,0.6147555569213382,0.719247130071071
cGAN,0.8,DTC,112,871061,18.363684872772364,10.975594277499653,0.6146928485428944,0.8275742749444632,10000,20260806,17.51355270978279,5.596748529334206,16.50409105963624,18.545737033334177,10.981921523809433,3.490377084465277,10.327236751573427,11.642522453623158,0.25662958515541895,0.8172390119406592,0.10369977017066309,0.39928039904417734,0.7739078474577381,0.15100549672620767,0.7450441106447752,0.8005609954612046,17.30881029315229,19.422618743260042,10.326608386651964,11.626138256072187,0.5604175291765648,0.6605441375836103
